CNES,Instituição,Leitos,Salas Cirúrgicas,UTI,Cirurgia Torácica,Neurocirurgia,Cirurgia Pediátrica,Pontuação,Classificação,Hospital?,cód IBGE,UF
8028,HOSPITAL MUNICIPAL ANTONIO GIGLIO,181,5,20,8,4,93,346,4,hospital,353440,SP
8036,HOSPITAL MATERNIDADE AMADOR AGUIAR,157,3,18,0,0,22,260,4,hospital,353440,SP
8052,HOSPITAL REGIONAL DR VIVALDO MARTINS SIMOES OSASCO,202,5,48,1,21,14,479,4,hospital,353440,SP
8923,CENTRO HOSPITALAR DE SANTO ANDRE DR NEWTON DA COSTA BRANDAO,236,7,60,15,46,100,565,5,hospital,354780,SP
9539,HOSPITAL MATERNO INFANTIL ANTONINHO DA ROCHA MARMO,5,5,0,0,0,0,15,2,hospital,354990,SP
9601,HOSPITAL PIO XII,60,4,12,17,0,0,141,3,hospital,354990,SP
9628,HOSPITAL MUNICIPAL DR JOSE DE CARVALHO FLORENCE,332,9,72,56,68,241,713,5,hospital,354990,SP
9695,CENTRO DE REFERENCIA EM MOLESTIAS INFECCIOSAS,6,0,0,0,0,0,6,2,hospital,354990,SP
26417,HOSPITAL DE CLINICAS SUL,44,0,0,0,0,0,44,2,hospital,354990,SP
92894,HOSPITAL REGIONAL DO LITORAL NORTE,161,6,40,21,61,198,408,4,hospital,351050,SP
102075,HOSPITAL MUNICIPAL SANTA DULCE DOS POBRES,60,0,0,0,0,0,60,2,hospital,355030,SP
102105,HOSPITAL MUNICIPAL BRASILANDIA,221,4,30,20,26,68,424,4,hospital,355030,SP
115509,HOSPITAL DE CLINICAS ANJO GABRIEL,35,0,0,0,0,0,35,2,hospital,352850,SP
127604,HOSPITAL DE RETAGUARDA DO JARDIM PAULISTA,61,0,0,0,0,0,61,2,hospital,350570,SP
161438,HOSPITAL MUNICIPAL GUARAPIRANGA,156,0,0,0,0,0,156,3,hospital,355030,SP
249033,HOSPITAL DO OLHO DE ARACATUBA,0,5,0,0,0,0,10,2,hospital,350280,SP
255661,IMPAR SERVICOS HOSPITALARES FILIAL SANTA PAULA,0,0,0,0,0,0,0,2,hospital,355030,SP
265187,HOSPITAL DE CLINICAS DE SAO SEBASTIAO COSTA SUL,40,1,0,0,0,4,67,2,hospital,355070,SP
605484,AMHE MED SOROCABA,33,3,0,0,0,0,39,2,hospital,355220,SP
663913,HOSPITAL SAINT PATRICK,20,0,0,0,0,0,20,2,hospital,355030,SP
837164,HOSPITAL VILLAGE,2,4,0,0,0,0,10,2,hospital,350550,SP
852554,I E PACHECO SERVICOS MEDICOS LTDA CARAGUATATUBA,1,0,0,0,0,0,1,2,hospital,351050,SP
2022621,MATERNIDADE DE CAMPINAS,97,10,25,0,0,34,242,3,hospital,350950,SP
2022648,HOSPITAL IRMAOS PENTEADO E SANTA CASA DE CAMPINAS,70,8,5,2,0,3,156,3,hospital,350950,SP
2023016,CASA DE CARIDADE SAO VICENTE DE PAULO CAJURU,55,2,0,0,4,21,109,2,hospital,350940,SP
2023474,HOSPITAL MUNICIPAL WALTER FERRARI,84,4,15,2,7,51,227,3,hospital,352470,SP
2023709,SANTA CASA DE MISERICORDIA DE ITATIBA,60,6,14,9,41,45,203,3,hospital,352340,SP
2023865,HOSPITAL MUNICIPAL DR AMADEU PAGLIUSO,17,1,0,0,0,0,19,2,hospital,352420,SP
2024438,HOSPITAL E MATERNIDADE DRA ADONIRAN CORREIA CAMPOS MONGAGUA,36,2,0,0,0,0,40,2,hospital,353110,SP
2024691,SANTA CASA DE CRUZEIRO,83,6,18,7,0,26,217,3,hospital,351340,SP
2024756,HOSPITAL E MATERNIDADE NOSSA SENHORA DA AJUDA,62,3,10,1,1,20,183,3,hospital,350850,SP
2024772,SANTA CASA DE MISERICORDIA SAO JOSE,31,0,0,0,0,0,31,2,hospital,350860,SP
2025361,HOSPITAL DE CANCER DE SAO BERNARDO DO CAMPO PADRE ANCHIETA,64,5,19,0,0,0,150,3,hospital,354870,SP
2025477,HOSPITAL E MATERNIDADE SANTA ISABEL DE JABOTICABAL,40,4,3,7,4,12,135,3,hospital,352430,SP
2025507,HOSPITAL DAS CLINICAS HCFAMEMA,270,13,55,46,15,124,591,5,hospital,352900,SP
2025752,SANTA CASA DE SANTOS,206,23,50,52,73,114,527,4,hospital,354850,SP
2026805,SANTA CASA DE GUARIBA,53,4,0,0,7,9,111,3,hospital,351860,SP
2027186,SANTA CASA DE MISERICORDIA DE ITAPEVA,104,4,30,13,3,87,307,4,hospital,352240,SP
2027240,HOSPITAL DIA BUTANTA,4,3,0,0,0,2,35,2,hospital,355030,SP
2027356,HOSPITAL DA MULHER,111,4,29,0,2,27,285,4,hospital,354870,SP
2028204,SANTA CASA DE MONTE ALTO,37,5,16,4,6,14,186,3,hospital,353130,SP
2028239,HOSPITAL REGIONAL DE TEODORO SAMPAIO,43,2,0,0,0,1,72,2,hospital,355430,SP
2028840,INSTITUTO DE INFECTOLOGIA EMILIO RIBAS,281,4,30,13,1,0,459,4,hospital,355030,SP
2035723,HOSPITAL CEPOG,5,2,0,0,0,0,9,2,hospital,351840,SP
2037297,HOSPITAL E MATERNIDADE DE ARTUR NOGUEIRA,12,1,0,0,0,0,14,2,hospital,350380,SP
2040069,HOSPITAL MATERNIDADE JESUS JOSE E MARIA,113,1,22,0,0,18,228,3,hospital,351880,SP
2040573,AMBULAT DE ESPECIALIDADES E HOSPITAL DIA DR RENATO RIGGIO JR,16,0,0,0,47,85,66,2,hospital,352050,SP
2043319,INSTITUTO DE OLHOS CATANDUVA,1,1,0,0,0,0,3,2,hospital,351110,SP
2043351,GENESIS HOSPITAL DIA,1,2,0,0,0,0,5,2,hospital,351110,SP
2053500,HOSPITAL SENHOR BOM JESUS,25,3,0,0,0,0,31,2,hospital,353150,SP
2053519,MATERNIDADE FERNANDO MAGALHAES,26,4,0,0,0,1,59,2,hospital,353150,SP
2058243,SANTA CASA DE MISERICORDIA DE SAO SIMAO,33,2,0,0,0,0,37,2,hospital,355090,SP
2058308,HOSPITAL E MATERNIDADE MUNICIPAL DR ACILIO CARRION GARCIA,66,3,0,0,0,7,97,2,hospital,353340,SP
2058332,HOSPITAL MANOEL DE ABREU BAURU,79,0,0,0,0,0,79,2,hospital,350600,SP
2058340,HOSPITAL MUNICIPAL DE QUELUZ,19,2,0,0,0,0,23,2,hospital,354190,SP
2058391,HOSPITAL ISRAELITA ALBERT EINSTEIN,28,34,0,0,0,0,96,2,hospital,355030,SP
2058502,HOSPITAL DO SERV PUB EST FCO MORATO DE OLIVEIRA SAO PAULO,6,16,0,0,0,0,38,2,hospital,355030,SP
2058618,HOSPITAL DA VISAO CHIMELLO,0,2,0,0,0,0,4,2,hospital,351110,SP
2058626,HOSPITAL MAHATMA GANDHI,138,0,0,0,0,0,138,3,hospital,351110,SP
2058782,HOSPITAL PSIQUIATRICO ESPIRITA BEZERRA DE MENEZES P PRUDENT,121,0,0,0,0,0,121,3,hospital,354140,SP
2058790,HOSPITAL MUNICIPAL DR WALDEMAR TEBALDI,124,4,21,6,5,51,291,4,hospital,350160,SP
2065665,HOSPITAL MATERNIDADE INTERLAGOS,75,2,14,0,0,10,160,3,hospital,355030,SP
2066092,HOSPITAL GERAL DE PEDREIRA,254,7,41,5,40,143,507,4,hospital,355030,SP
2066572,HOSPITAL HELIOPOLIS UNIDADE DE GESTAO ASSISTENCIAL I,266,8,18,28,68,13,429,4,hospital,355030,SP
2068974,PAM VARZEA DO CARMO NGA 63 SAO PAULO,19,3,0,0,0,8,50,2,hospital,355030,SP
2069008,AMBULATORIO DE ESPECIALIDADES DR GERALDO PAULO BOURROUL,6,0,0,0,47,49,56,2,hospital,355030,SP
2069776,HOSPITAL DE URGENCIA,241,3,30,2,0,23,417,4,hospital,354870,SP
2070766,CAISM DR DAVID CAPISTRANO DA COSTA FILHO DA AGUA FUNDA SP,121,0,0,0,0,0,121,3,hospital,355030,SP
2071371,HOSPITAL INFANTIL DARCY VARGAS UGA III SAO PAULO,108,4,14,7,0,151,222,3,hospital,355030,SP
2071568,HC DA FMUSP INSTITUTO DO CORACAO INCOR SAO PAULO,245,14,161,248,3,169,992,6,hospital,355030,SP
2072513,HOSPITAL E MATERNIDADE MUNICIPAL SANTA ANA,74,7,0,0,13,2,138,3,hospital,354730,SP
2075717,HOSP MUN MATERNIDADE PROFESSOR MARIO DEGNI,55,2,9,0,0,6,120,3,hospital,355030,SP
2075962,HOSP DA STA CASA DE STO AMARO,82,6,9,0,0,8,155,3,hospital,355030,SP
2076896,HOSPITAL SAO LUIZ GONZAGA,177,7,0,0,1,55,241,3,hospital,355030,SP
2076926,HOSPITAL UNIVERSITARIO DA USP SAO PAULO,178,10,28,13,1,68,385,4,hospital,355030,SP
2076942,HOSPITAL DE ITATINGA,7,0,0,0,0,0,7,2,hospital,352350,SP
2076985,CASA DA CRIANCA BETINHO,89,0,0,0,0,0,89,2,hospital,355030,SP
2077078,UNIDADE MISTA E MATERNIDADE CENTRAL,48,3,0,0,0,4,79,2,hospital,351500,SP
2077388,HOSPITAL AMPARO MATERNAL,94,3,10,0,0,11,165,3,hospital,355030,SP
2077396,HOSPITAL DE BASE DE SAO JOSE DO RIO PRETO,690,31,184,220,143,460,1563,6,hospital,354980,SP
2077418,CAISM PHILIPPE PINEL SAO PAULO,136,0,0,0,0,0,136,3,hospital,355030,SP
2077426,HOSPITAL GERAL HENRIQUE ALTIMEYER DE VILA ALPINA,181,7,38,14,0,71,397,4,hospital,355030,SP
2077434,HOSPITAL DR LEOPOLDO BEVILACQUA,150,5,26,10,3,38,339,4,hospital,353620,SP
2077450,HOSP MUN PIRITUBA JOSE SOARES HUNGRIA,63,3,8,3,1,25,176,3,hospital,355030,SP
2077469,HOSP DOM ALVARENGA,71,7,0,0,0,0,85,2,hospital,355030,SP
2077477,HOSP STA MARCELINA SAO PAULO,446,18,103,46,219,248,969,6,hospital,355030,SP
2077485,HOSPITAL SAO PAULO HOSPITAL DE ENSINO DA UNIFESP,684,24,114,70,365,316,1263,6,hospital,355030,SP
2077493,HOSPITAL GERAL DE SAO MATEUS SAO PAULO,202,6,49,7,2,84,485,4,hospital,355030,SP
2077507,HOSPITAL LEFORTE LIBERDADE,18,1,15,0,0,0,80,2,hospital,355030,SP
2077515,HOSPITAL SAO VICENTE DE PAULA DE ARANDU,6,0,0,0,0,0,6,2,hospital,350310,SP
2077523,UNIDADE DE GESTAO ASSISTENCIAL II HOSPITAL IPIRANGA SP,282,12,32,3,4,14,509,4,hospital,355030,SP
2077531,A C CAMARGO CANCER CENTER,104,14,28,6,7,2,319,4,hospital,355030,SP
2077558,HOSPITAL SAO CAMILO AGUAS DE LINDOIA,30,2,0,0,0,0,34,2,hospital,350050,SP
2077574,CONJUNTO HOSPITALAR DO MANDAQUI SAO PAULO,354,11,65,17,172,168,711,5,hospital,355030,SP
2077582,HOSPITAL NOSSA SENHORA DA PIEDADE,43,3,6,2,0,23,123,3,hospital,352680,SP
2077590,IBCC,66,10,10,12,1,0,176,3,hospital,355030,SP
2077620,HOSPITAL GERAL SANTA MARCELINA DE ITAIM PAULISTA SAO PAULO,296,7,36,12,1,130,529,4,hospital,355030,SP
2077639,HOSP MUN PROF DR WALDOMIRO DE PAULA,167,4,12,0,0,64,248,3,hospital,355030,SP
2077647,SANTA CASA DE MIS DE ADAMANTINA NA PROVIDENCIA DE DEUS,49,4,8,6,1,38,164,3,hospital,350010,SP
2077655,ASSOC AACD V CLEMENTINO,23,9,4,3,13,235,132,3,hospital,355030,SP
2077671,HOSPITAL GERAL DO GRAJAU PROF LIBER JOHN ALPHONSE DI DIO SP,216,7,38,12,8,131,457,4,hospital,355030,SP
2077701,HOSPITAL E MATERNIDADE LEONOR MENDES DE BARROS SAO PAULO,147,6,20,0,0,7,264,4,hospital,355030,SP
2077752,HOSP MONUMENTO CEHM,50,3,0,0,0,120,81,2,hospital,355030,SP
2077957,CENTRO DE REFERENCIA E TREINAMENTO DST AIDS SAO PAULO,46,0,0,0,0,0,46,2,hospital,355030,SP
2077973,HOSPITAL SAO LUCAS RIBEIRAO PRETO,1,6,0,0,0,0,13,2,hospital,354340,SP
2078015,HC DA FMUSP HOSPITAL DAS CLINICAS SAO PAULO,1251,55,225,110,396,788,2336,6,hospital,355030,SP
2078074,SANTA CASA DE LEME,77,4,8,2,18,57,192,3,hospital,352670,SP
2078104,HOSPITAL GERAL DE ITAPEVI,230,6,30,0,0,286,387,4,hospital,352250,SP
2078112,HOSPITAL SANTA RITA DE SALES OLIVEIRA,17,4,0,0,0,1,50,2,hospital,354490,SP
2078139,SANTA CASA DE PRESIDENTE VENCESLAU,62,5,10,3,0,14,162,3,hospital,354150,SP
2078155,HOSPITAL STELLA MARIS,53,8,10,0,0,0,109,2,hospital,351880,SP
2078252,SANTA CASA DE BIRIGUI,77,5,10,6,0,35,177,3,hospital,350650,SP
2078287,CENTRO DE REFERENCIA DA SAUDE DA MULHER,162,13,7,20,0,11,266,4,hospital,355030,SP
2078295,SANTA CASA DE TAQUARITINGA,78,5,10,4,6,30,203,3,hospital,355370,SP
2078325,HOSP MUN INFANTIL MENINO JESUS,49,5,10,0,0,776,124,3,hospital,355030,SP
2078341,ASSOCIACAO HOSPITAL BENEFICENTE SAGRADO CORACAO DE JESUS,26,2,0,0,0,4,55,2,hospital,353180,SP
2078384,HOSPITAL ESPIRITA,58,0,0,0,0,0,58,2,hospital,353730,SP
2078414,SANTA CASA DE GUAIRA,38,4,10,4,3,37,161,3,hospital,351740,SP
2078422,FUNBEPE PEDREIRA,28,2,10,0,8,4,122,3,hospital,353710,SP
2078449,SANTA CASA DE PATROCINIO PAULISTA,23,2,0,0,0,2,52,2,hospital,353630,SP
2078465,REAL SOCIEDADE PORTUGUESA DE BENEFICENCIA,37,5,14,2,0,0,128,3,hospital,350950,SP
2078473,HOSPITAL DR LUIZ CAMARGO DA FONSECA E SILVA,120,5,18,20,7,57,277,4,hospital,351350,SP
2078503,SANTA CASA DE PENAPOLIS,64,5,10,3,3,32,189,3,hospital,353730,SP
2078511,HOSPITAL REGIONAL DE ILHA SOLTEIRA,68,4,8,7,2,13,183,3,hospital,352044,SP
2078538,HOSPITAL NOSSA SENHORA APARECIDA,50,4,0,0,0,0,58,2,hospital,352400,SP
2078546,SANTA CASA SAO BENTO DO SAPUCAI,26,2,0,0,0,0,30,2,hospital,354860,SP
2078562,HOSPITAL GERAL DE ITAQUAQUECETUBA,246,7,30,8,46,54,455,4,hospital,352310,SP
2078570,HOSPITAL CANTAREIRA,101,0,0,0,0,0,101,2,hospital,355030,SP
2078589,HOSPITAL E MATERNIDADE SANTA MARIA CRUZ AZUL,1,11,0,0,0,0,23,2,hospital,355030,SP
2078775,SANTA CASA DE ARACATUBA HOSPITAL SAGRADO CORACAO DE JESUS,206,9,60,45,30,74,539,5,hospital,350280,SP
2078813,HOSPITAL OFTALMOLOGICO DE SOROCABA,10,10,0,0,0,72,55,2,hospital,355220,SP
2078848,SANTA CASA ANNA CINTRA,55,5,7,18,21,11,168,3,hospital,350190,SP
2078902,SANTA CASA PILAR DO SUL,27,1,0,0,0,5,54,2,hospital,353790,SP
2078937,SANTA CASA DE APARECIDA DOESTE,12,1,0,0,0,0,14,2,hospital,350260,SP
2079011,HOSP LEITO E PRONTO ATENDIMENTO AURELINO ALVES DOS SANTOS,41,1,10,0,0,0,83,2,hospital,351500,SP
2079097,SANTA CASA DE CAPAO BONITO,45,5,10,2,0,12,145,3,hospital,351020,SP
2079119,CENTRO DE REF DA SAUDE DA MULHER DE R PRETO MATER,49,2,0,0,0,8,78,2,hospital,354340,SP
2079127,HOSPITAL SIRIO LIBANES,14,19,0,0,0,0,52,2,hospital,355030,SP
2079135,SANTA CASA DE MISERICORDIA DE TATUI,83,2,8,4,6,14,194,3,hospital,355400,SP
2079178,MATERNIDADE MUNICIPAL,9,1,0,0,0,2,36,2,hospital,354530,SP
2079186,HOSP MUN MAT ESC DR MARIO DE MORAES A SILVA,155,10,37,0,0,38,348,4,hospital,355030,SP
2079194,HOSPITAL NESTOR GOULART REIS AMERICO BRASILIENSE,68,0,0,0,0,0,68,2,hospital,350170,SP
2079208,LAR ESPIRITA MARIA DE NAZARE MOJI MIRIM,55,0,0,0,0,0,55,2,hospital,353080,SP
2079216,HOSPITAL E MATERNIDADE JOSE FORTUNA,30,1,0,0,0,2,57,2,hospital,351100,SP
2079224,HOSPITAL SAO JOSE,35,0,0,0,0,0,35,2,hospital,352290,SP
2079232,HOSPITAL SANTA BARBARA,92,4,18,17,7,55,247,3,hospital,354580,SP
2079240,HOSPITAL GERAL JESUS TEIXEIRA DA COSTA GUAIANASES SAO PAULO,221,6,28,0,0,5,370,4,hospital,355030,SP
2079275,HOSPITAL RIBEIRAO PRETO,0,3,4,0,0,0,22,2,hospital,354340,SP
2079291,SANTA CASA DE PALMEIRA DOESTE,12,2,0,0,0,0,16,2,hospital,353520,SP
2079313,HOSPITAL SAO ROQUE CABREUVA,17,2,0,0,0,2,46,2,hospital,350840,SP
2079321,HOSPITAL GPACI SOROCABA,61,3,5,10,4,226,162,3,hospital,355220,SP
2079348,SANTA CASA DE IGARAPAVA,37,3,0,3,0,6,93,2,hospital,352010,SP
2079356,SANTA CASA DE TANABI,30,2,0,0,0,0,34,2,hospital,355340,SP
2079364,SANTA CASA DE MISERICORDIA DE SERRANA,14,2,0,0,0,0,18,2,hospital,355150,SP
2079380,SANTA CASA DE SALESOPOLIS,11,0,0,0,0,0,11,2,hospital,354500,SP
2079399,SANTA CASA DE MISERICORDIA SAO MIGUEL TABATINGA SP,22,2,0,0,0,3,51,2,hospital,355270,SP
2079402,SANTA CASA SAO VICENTE DE PAULO BOA ESPERANCA DO SUL,12,2,0,0,0,0,16,2,hospital,350670,SP
2079410,COMPLEXO HOSPITALAR PADRE BENTO DE GUARULHOS,134,3,28,5,11,12,327,4,hospital,351880,SP
2079429,SANTA CASA SALTO DE PIRAPORA,38,3,0,0,0,31,69,2,hospital,354530,SP
2079437,HOSPITAL BENEFICENTE DE MARACAI,22,1,0,0,0,14,49,2,hospital,352880,SP
2079445,HOSPITAL SANTA ISABEL,2,6,0,0,0,0,14,2,hospital,355030,SP
2079461,SANTA CASA DE MISERICORDIA SAO FRANCISCO BURITAMA,26,2,0,0,0,1,55,2,hospital,350810,SP
2079496,SANTA CASA DE CRAVINHOS,13,1,0,0,0,0,15,2,hospital,351310,SP
2079518,SANTA CASA DE MIS E MATERNIDADE N SRA DA CONCEICAO CUNHA,25,3,0,0,0,3,56,2,hospital,351360,SP
2079550,SANTA CASA DE SANTA ADELIA,19,2,0,0,10,0,48,2,hospital,354560,SP
2079593,HOSPITAL SAO JOAO REGISTRO,81,3,10,2,0,21,177,3,hospital,354260,SP
2079615,HOSPITAL MUNICIPAL DE IBIUNA IBIUNA SP,63,3,0,0,0,9,94,2,hospital,351970,SP
2079682,SANTA CASA DE NEVES PAULISTA,10,0,0,0,0,0,10,2,hospital,353250,SP
2079690,SANTA CASA DE MISERICORDIA DE SAO LUIZ DO PARAITINGA,16,0,0,0,0,0,16,2,hospital,355000,SP
2079704,HOSPITAL DR RENATO SILVA DE SOCORRO,49,4,7,2,3,27,160,3,hospital,355210,SP
2079720,HOSPITAL GUILHERME ALVARO SANTOS,165,7,58,9,1,59,486,4,hospital,354850,SP
2079763,CASA CAIRBAR SCHUTEL,40,0,0,0,0,0,40,2,hospital,350320,SP
2079798,HOSPITAL DAS CLINICAS DA UNICAMP DE CAMPINAS,524,24,106,90,118,260,1071,6,hospital,350950,SP
2079828,HOSPITAL GERAL PIRAJUSSARA,277,8,35,26,58,229,508,4,hospital,355280,SP
2079836,SANTA CASA DE MISERICORDIA ITAPOLIS,55,4,9,2,0,22,149,3,hospital,352270,SP
2079852,SANTA CASA DE PIRACAIA,28,1,0,0,0,0,30,2,hospital,353860,SP
2079860,HOSPITAL E MATERNIDADE DE SUZANO,73,3,18,1,0,28,201,3,hospital,355250,SP
2079879,SANTA CASA DE TAQUARITUBA,35,2,0,0,4,14,89,2,hospital,355380,SP
2079895,SANTA CASA DE MISERICORDIA DE JALES,76,5,13,1,13,23,213,3,hospital,352480,SP
2079909,HOSP BENEFICENTE DE PIRANGI,22,4,0,0,0,121,55,2,hospital,353900,SP
2079917,SANTA CASA DE LOUVEIRA,28,2,0,6,3,23,107,2,hospital,352730,SP
2079925,SANTA CASA DE PORTO FELIZ,72,4,0,0,5,12,130,3,hospital,354060,SP
2079968,SANTA CASA DE URANIA,24,2,0,0,0,0,28,2,hospital,355580,SP
2079976,SANTA CASA DE LARANJAL PAULISTA,30,2,0,0,0,4,59,2,hospital,352640,SP
2080028,HOSPITAL MUNICIPAL DE DIADEMA HMD,193,5,37,3,0,27,401,4,hospital,351380,SP
2080044,SANTA CASA DE SAO JOAQUIM DA BARRA,73,6,8,0,3,20,167,3,hospital,354940,SP
2080052,HOSPITAL NOSSA SENHORA APARECIDA,144,8,17,1,213,170,303,4,hospital,353060,SP
2080079,HOSPITAL DR OSIRIS FLORINDO COELHO,195,5,30,3,2,90,400,4,hospital,351570,SP
2080087,SANTA CASA DE MISERICORDIA DE TIETE,34,4,0,0,0,4,67,2,hospital,355450,SP
2080095,SANTA CASA DE JOSE BONIFACIO,43,2,0,0,5,2,97,2,hospital,352570,SP
2080109,SANTA CASA DE POPULINA,6,1,0,0,0,0,8,2,hospital,354040,SP
2080117,HOSPITAL PSIQUIATRICO ALLAN KARDEC FRANCA SP,90,0,0,0,0,0,90,2,hospital,351620,SP
2080125,INSTITUTO DO CANCER ARNALDO VIEIRA DE CARVALHO,72,4,8,21,0,0,137,3,hospital,355030,SP
2080184,HOSPITAL MUNICIPAL,22,2,0,3,0,68,76,2,hospital,352390,SP
2080192,HOSP EST ESPEC EM REABILIT DR FRANCISCO RIBEIRO ARANTES,251,0,0,0,0,0,251,4,hospital,352390,SP
2080206,HOSPITAL ITATIBA,0,4,0,0,0,0,8,2,hospital,352340,SP
2080222,SANTA CASA DE CACONDE,66,2,0,0,0,47,95,2,hospital,350870,SP
2080273,HOSPITAL ESTADUAL MARIO COVAS DE SANTO ANDRE,244,14,76,5,124,293,651,5,hospital,354780,SP
2080281,HOSPITAL SAO JOSE DE HERCULANDIA,58,1,0,0,0,0,60,2,hospital,351900,SP
2080338,HOSPITAL GERAL DE GUARULHOS PROF DR WALDEMAR DE CARVALHO,251,8,46,22,54,355,526,4,hospital,351880,SP
2080346,HOSP MUN DR CARMINO CARICCHIO,310,8,74,12,74,100,697,5,hospital,355030,SP
2080354,HOSPITAL SANTO ANTONIO SANTOS,28,6,9,10,0,2,126,3,hospital,354850,SP
2080362,CASA DE SAUDE DE INDIAPORA,4,3,0,0,3,0,35,2,hospital,352070,SP
2080370,SANTA CASA DE PIRAJUI,46,4,0,0,0,1,79,2,hospital,353890,SP
2080400,HOSPITAL IMACULADA CONCEICAO,91,6,10,8,1,6,218,3,hospital,354340,SP
2080427,HOSPITAL MUNICIPAL DA CRIANCA E DO ADOLESCENTE HMCA,70,2,10,3,0,354,164,3,hospital,351880,SP
2080443,IRMANDADE DA SANTA CASA DE MISERICORDIA SAO VICENTE DE PAULO,44,4,7,0,13,1,130,3,hospital,355010,SP
2080451,IRMANDADE DA SANTA CASA DE MISERICORDIA DE IPUA,39,1,0,1,1,11,116,3,hospital,352130,SP
2080478,SANTA CASA DE MISERICORDIA DE PEDREGULHO,55,2,0,0,1,5,109,2,hospital,353700,SP
2080508,SANTA CASA DE ALVARES MACHADO,16,0,0,0,0,0,16,2,hospital,350130,SP
2080524,HOSPITAL E MATERNIDADE REGIONAL REGENTE FEIJO,36,3,0,0,0,0,42,2,hospital,354240,SP
2080532,SANTA CASA HOSP DR ARISTOTELES OLIVEIRA MARTINS PRES PRUDENT,96,11,10,9,52,0,208,3,hospital,354140,SP
2080575,HOSPITAL BP,187,45,65,8,1,0,587,5,hospital,355030,SP
2080583,HOSP MUN TIDE SETUBAL,161,4,32,8,2,99,372,4,hospital,355030,SP
2080605,HOSPITAL PADRE NICANOR MERINO TORRINHA,13,1,0,0,0,0,15,2,hospital,355470,SP
2080621,SANTA CASA POMPEIA,19,2,0,0,1,0,48,2,hospital,354000,SP
2080664,SANTA CASA DE TUPA,110,4,32,5,14,45,321,4,hospital,355500,SP
2080680,HOSPITAL DAS CLINICAS LUZIA DE PINHO MELO,295,6,19,61,55,65,458,4,hospital,353060,SP
2080699,HOSPITAL UNIMED PIRACICABA,0,16,1,0,0,0,36,2,hospital,353870,SP
2080737,HOSPITAL SAO VICENTE DE GALIA,27,2,0,0,0,0,31,2,hospital,351660,SP
2080745,SANTA CASA DE SANTA CRUZ DAS PALMEIRAS,25,2,0,0,2,27,79,2,hospital,354630,SP
2080788,HOSP MUN V NHOCUNE ALEXANDRE ZAIO,65,2,0,0,0,0,69,2,hospital,355030,SP
2080826,HOSPITAL SAO JOSE DE ITAJOBI,35,3,0,0,0,0,41,2,hospital,352190,SP
2080842,SANTA CASA DE MISERICORDIA DE CANDIDO MOTA,25,2,0,3,9,20,104,2,hospital,351000,SP
2080869,SANTA CASA DE PAULO DE FARIA,18,2,0,0,0,0,22,2,hospital,353660,SP
2080915,AHBB BILAC,35,2,0,0,0,0,39,2,hospital,350640,SP
2080923,HOSPITAL SAO VICENTE,79,7,7,0,1,18,171,3,hospital,354970,SP
2080931,SANTA CASA DE SAO CARLOS,148,15,40,36,69,122,413,4,hospital,354890,SP
2080958,SANTA CASA DE MISERICORDIA DE PALMITAL,29,2,0,3,1,33,108,2,hospital,353530,SP
2080966,SANTA CASA DE ESTRELA DOESTE,12,1,0,0,0,1,39,2,hospital,351520,SP
2080982,HOSPITAL DE CLEMENTINA,21,1,0,0,0,0,23,2,hospital,351190,SP
2080990,HOSPITAL ESPIRITA DE MARILIA,70,0,0,0,0,0,70,2,hospital,352900,SP
2081059,HOSPITAL MUNICIPAL DE PAULINIA,116,5,14,0,1,0,207,3,hospital,353650,SP
2081083,SANTA CASA DE ASSIS,69,8,10,0,10,39,175,3,hospital,350400,SP
2081091,HOSPITAL MUNICIPAL DE ITAPIRA,87,4,10,5,4,26,210,3,hospital,352260,SP
2081105,SANTA CASA DE VALPARAISO,32,1,0,0,6,8,84,2,hospital,355630,SP
2081113,HOSPITAL SANTA FILOMENA DE RIO CLARO,6,12,0,0,0,0,30,2,hospital,354390,SP
2081164,HOSPITAL SANTA LYDIA RIBEIRAO PRETO,91,4,20,16,0,12,229,3,hospital,354340,SP
2081202,HOSPITAL E MATERNIDADE SAO LUCAS,43,2,0,0,0,0,47,2,hospital,354330,SP
2081229,SANTA CASA DE PARAPUA,26,2,0,0,0,0,30,2,hospital,353600,SP
2081237,HOSPITAL SAO PAULO DE RINOPOLIS,23,1,0,0,0,0,25,2,hospital,354380,SP
2081245,SANTA CASA DE SUD MENNUCCI,20,1,0,0,0,1,47,2,hospital,355230,SP
2081253,HOSPITAL SAO LUIZ DE ARARAS,106,5,17,17,3,44,259,4,hospital,350330,SP
2081261,HOSPITAL SAO LUIZ,36,4,0,0,1,12,94,2,hospital,350700,SP
2081288,HOSPITAL DO CORACAO,5,10,0,0,0,0,25,2,hospital,355030,SP
2081296,HOSPITAL JOAO DEPIERI DE CAJOBI,27,2,0,0,0,0,31,2,hospital,350930,SP
2081342,HOSPITAL SAO LOURENCO,14,1,0,0,3,5,66,2,hospital,355600,SP
2081350,HOSPITAL DE PIRAJU,49,3,0,0,0,3,80,2,hospital,353880,SP
2081377,SANTA CASA DE VOTUPORANGA,129,6,17,5,54,47,284,4,hospital,355710,SP
2081385,SANTA CASA DE TUPI PAULISTA,30,2,0,0,0,5,59,2,hospital,355510,SP
2081393,HOSPITAL SANTA ROSA DE LIMA DE SERRA NEGRA,33,3,0,1,2,22,114,3,hospital,355160,SP
2081431,SANTA CASA DE LUCELIA,26,0,0,0,0,0,26,2,hospital,352740,SP
2081458,SANTA CASA DE LIMEIRA,144,12,47,72,31,166,431,4,hospital,352690,SP
2081466,HOSPITAL NOSSA SENHORA DA DIVINA PROVIDENCIA,173,2,0,0,0,4,202,3,hospital,352450,SP
2081482,BOLDRINI CAMPINAS,54,3,8,8,16,98,167,3,hospital,350950,SP
2081490,HOSPITAL MUNICIPAL DR MARIO GATTI CAMPINAS,179,9,30,42,64,196,392,4,hospital,350950,SP
2081504,UNIDADE COMPLEXA WILLIAM ROCHA,6,0,0,0,0,0,6,2,hospital,351870,SP
2081512,SANTA CASA DE MISERICORDIA DE GUARATINGUETA,67,5,23,0,3,19,219,3,hospital,351840,SP
2081520,HOSPITAL E MATERNIDADE DE GUARACAI,15,1,0,0,0,2,42,2,hospital,351780,SP
2081555,SANTA CASA DE MISERICORDIA DE ITARARE,53,6,0,0,3,17,115,3,hospital,352320,SP
2081563,CLINICA DE REPOUSO SANTA ROSA ESPIRITO SANTO DO PINHAL,47,0,0,0,0,0,47,2,hospital,351518,SP
2081571,SANTA CASA DE RIOLANDIA,25,1,0,0,0,0,27,2,hospital,354420,SP
2081598,SANTA CASA DE MISERICORDIA SAO LUCAS,24,2,0,0,0,1,53,2,hospital,355360,SP
2081644,HOSPITAL FREI GALVAO,136,6,17,0,0,0,216,3,hospital,351840,SP
2081652,SANTA CASA DE GENERAL SALGADO,19,1,0,0,0,0,21,2,hospital,351690,SP
2081660,SANTA CASA DE IPAUCU,28,2,0,0,0,19,57,2,hospital,352090,SP
2081695,CONJUNTO HOSPITALAR SOROCABA,356,12,55,66,129,190,675,5,hospital,355220,SP
2081717,SANTA CASA DESCALVADO,25,2,0,2,25,20,104,2,hospital,351370,SP
2081725,CAIS CLEMENTE FERREIRA DE LINS,186,0,0,0,0,0,186,3,hospital,352710,SP
2081733,SEARA HOSPITAL PSIQUIATRICO,17,0,0,0,0,0,17,2,hospital,350160,SP
2081768,SANTA CASA DE AURIFLAMA,35,2,0,0,0,23,64,2,hospital,350420,SP
2081784,HOSPITAL SANTA THEREZINHA BROTAS,36,2,0,0,0,1,65,2,hospital,350790,SP
2081792,SANTA CASA DE MACAUBAL,10,0,0,0,0,0,10,2,hospital,352810,SP
2081806,HOSPITAL PADRE JOAO W BRAEM,16,1,0,0,0,0,18,2,hospital,350110,SP
2081814,SANTA CASA DE GUARARAPES,48,2,0,0,0,27,77,2,hospital,351820,SP
2081873,HOSPITAL E MATERNIDADE DE RANCHARIA,71,4,10,0,0,69,144,3,hospital,354220,SP
2081903,HOSPITAL DE CARIDADE DE VARGEM GRANDE DO SUL,35,5,0,2,0,11,95,2,hospital,355640,SP
2081970,HOSP MUN JABAQUARA ARTUR RIBEIRO DE SABOYA,165,6,33,5,10,14,384,4,hospital,355030,SP
2081989,HOSPITAL SAO SEBASTIAO DE BORBOREMA,16,2,0,0,0,6,45,2,hospital,350740,SP
2082071,SANTA CASA DE CARDOSO,10,2,0,0,0,0,14,2,hospital,351070,SP
2082098,HOSPITAL DR ADHEMAR DE BARROS APIAI,45,2,0,3,3,34,124,3,hospital,350270,SP
2082128,HOSPITAL E MATERNIDADE CELSO PIERRO,177,17,36,38,51,191,430,4,hospital,350950,SP
2082179,HOSPITAL SAO FRANCISCO DE AMERICANA,8,7,2,0,0,0,30,2,hospital,350160,SP
2082187,HOSPITAL DAS CLINICAS FAEPA RIBEIRAO PRETO,1062,25,122,126,195,511,1675,6,hospital,354340,SP
2082195,BENEFICENCIA PORTUGUESA DE AMPARO,0,6,0,0,0,0,12,2,hospital,350190,SP
2082225,HOSPITAL KATIA DE SOUZA RODRIGUES TAIPASSP SAO PAULO,218,4,26,14,0,61,380,4,hospital,355030,SP
2082276,CASAS ANDRE LUIZ GUARULHOS,600,0,0,0,0,0,600,5,hospital,351880,SP
2082284,SANTA CASA DE GRAMA,26,2,0,0,0,5,55,2,hospital,355080,SP
2082306,SANTA CASA DE CASA BRANCA,30,3,0,8,2,17,111,3,hospital,351080,SP
2082322,HOSPITAL DONA BALBINA,33,6,4,1,8,18,136,3,hospital,354070,SP
2082349,HOSPITAL DE CLINICAS DR RADAMES NARDINI,192,6,39,15,1,68,435,4,hospital,352940,SP
2082381,HOSPITAL MUNICIPAL DE BEBEDOURO JULIA PINTO CALDEIRA,37,4,0,1,0,15,95,2,hospital,350610,SP
2082438,SANTA CASA DE CHAVANTES,30,3,0,0,0,0,36,2,hospital,355720,SP
2082446,CLINICA NOSSO LAR,85,0,0,0,0,0,85,2,hospital,350010,SP
2082454,CASA DA CRIANCA DE TUPA,210,0,0,0,0,0,210,3,hospital,355500,SP
2082470,HOSPITAL SAO LEOPOLDO MANDIC,73,2,0,1,0,4,127,3,hospital,350330,SP
2082497,SANTA CASA HOSPITAL JESUS MARIA JOSE,27,2,0,0,0,0,31,2,hospital,350630,SP
2082519,SANTA CASA DE PARAGUACU PAULISTA,73,4,16,0,2,49,195,3,hospital,353550,SP
2082527,SANTA CASA DE ARARAQUARA,158,6,24,35,777,84,341,4,hospital,350320,SP
2082551,SANTA CASA DE IBIRA,9,1,0,0,0,0,11,2,hospital,351940,SP
2082586,SANTA CASA DE MISERICORDIA DE OSVALDO CRUZ,53,3,0,0,0,9,84,2,hospital,353460,SP
2082594,COMPLEXO HOSPITALAR DE CLINICAS,132,9,35,3,2,45,365,4,hospital,354880,SP
2082624,HOSPITAL JAPONES SANTA CRUZ,20,13,10,0,0,0,86,2,hospital,355030,SP
2082632,HOSPITAL E MATERNIDADE SAO JOSE BARRA BONITA,47,3,0,0,8,18,103,2,hospital,350530,SP
2082640,SANTA CASA DE CARIDADE E MATERNIDADE IBITINGA,57,4,9,0,13,47,151,3,hospital,351960,SP
2082659,SANTA CASA DE NOVA GRANADA,31,2,0,0,0,0,35,2,hospital,353300,SP
2082667,HOSPITAL SAO BOM JESUS,30,4,0,0,5,6,88,2,hospital,353140,SP
2082675,ASSOCIACAO DE AMPARO AO EXCEPCIONAL RITINHA PRATES,86,0,0,0,0,0,86,2,hospital,350280,SP
2082691,SANTA CASA DE ANDRADINA,58,6,10,1,0,21,160,3,hospital,350210,SP
2082721,HOSPITAL E MATERNIDADE SOTERO DE SOUZA,62,7,8,1,0,30,158,3,hospital,355060,SP
2082748,HOSPITAL ANGATUBA,54,2,0,0,0,10,83,2,hospital,350220,SP
2082756,SANTA CASA DE SALTO GRANDE,22,2,0,0,0,2,51,2,hospital,354540,SP
2082780,BENEFICENCIA HOSPITALAR DE CESARIO LANGE,23,1,0,0,0,1,50,2,hospital,351160,SP
2082810,CONDERG HOSPITAL REGIONAL DE DIVINOLANDIA,186,5,0,1,0,92,246,3,hospital,351390,SP
2082829,HOSP MUN PROFESSOR DOUTOR ALIPIO CORREA NETTO,212,7,44,6,86,87,477,4,hospital,355030,SP
2082845,SANTA CASA DE OLIMPIA,48,2,5,2,1,25,147,3,hospital,353390,SP
2082853,HOSPITAL MAJOR ANTONIO CANDIDO BATATAIS,101,2,7,0,0,31,158,3,hospital,350590,SP
2082861,HOSP MUNICIPAL DE URGENCIAS HMU,99,4,10,1,2,0,197,3,hospital,351880,SP
2082888,SANTA CASA DE RIO CLARO,117,7,17,32,14,73,274,4,hospital,354390,SP
2082926,CASA DE SAUDE STELLA MARIS,91,3,30,1,1,64,292,4,hospital,351050,SP
2082934,SANTA CASA DE MISERICORDIA DE TAGUAI,25,1,0,0,0,1,52,2,hospital,355300,SP
2082942,SANTA CASA DE MACATUBA,18,3,0,0,0,1,49,2,hospital,352800,SP
2083019,HOSPITAL ESTADUAL DE MIRANDOPOLIS DR OSWALDO BRANDI FARIA,90,4,10,1,2,24,213,3,hospital,353010,SP
2083027,SANTA CASA DE MISERICORDIA DE PEREIRA BARRETO,50,2,0,0,5,10,104,2,hospital,353740,SP
2083051,SANTA CASA DE APARECIDA,49,3,9,12,13,16,166,3,hospital,350250,SP
2083086,HOSPITAL AMARAL CARVALHO JAU,220,10,25,17,29,9,415,4,hospital,352530,SP
2083094,HOSPITAL REGIONAL DE ASSIS,102,5,22,0,9,23,250,4,hospital,350400,SP
2083116,SANTA CASA DE MARILIA,78,10,29,10,40,35,289,4,hospital,352900,SP
2083140,IRMANDADE DA SANTA CASA DE MISERICORDIA DE SANTA ISABEL,36,3,6,0,0,6,91,2,hospital,354680,SP
2083159,BEZERRA DE MENEZES RIO CLARO,92,0,0,0,0,0,92,2,hospital,354390,SP
2083175,SANTA CASA PIEDADE,60,2,0,0,1,13,114,3,hospital,353780,SP
2083213,HOSPITAL TERRA ROXA,30,1,0,0,0,0,32,2,hospital,355440,SP
2083264,HOSPITAL MUNICIPAL JOAQUIM RAIMUNDO GOMES GUAPIARA,12,0,0,0,0,0,12,2,hospital,351760,SP
2083272,HOSPITAL MUNICIPAL DE BERTIOGA,49,4,0,5,1,15,132,3,hospital,350635,SP
2083493,SANTA CASA DE PONTAL,30,3,0,0,4,14,86,2,hospital,354020,SP
2083604,SANTA CASA DE AVARE,143,5,19,5,43,75,304,4,hospital,350450,SP
2083876,SANTA CASA DE MISERICORDIA DE FRANCISCO MORATO,85,6,0,3,0,47,147,3,hospital,351630,SP
2083973,SANTA CASA DE GUARA,46,2,0,0,0,4,75,2,hospital,351770,SP
2083981,HOSPITAL ESTADUAL SUMARE,175,6,36,13,65,181,406,4,hospital,355240,SP
2084023,HOSPITAL MUNICIPAL DE NAZARE PAULISTA,17,4,0,0,0,0,25,2,hospital,353240,SP
2084058,SANTA CASA DE MISERICORDIA DE SANTA CRUZ DO RIO PARDO,62,2,20,6,19,44,221,3,hospital,354640,SP
2084074,HOSP MARIA VALLE PEREIRA DE TABAPUA,11,1,0,0,0,1,38,2,hospital,355260,SP
2084120,PRO SAUDE HOSPITAL GERAL ARARAS,0,2,0,0,0,0,4,2,hospital,350330,SP
2084139,HOSPITAL MUNICIPAL DR BENEDITO MONTENEGRO,45,2,0,0,0,0,49,2,hospital,355030,SP
2084163,HOSPITAL ESTADUAL DE DIADEMA HOSPITAL SERRARIA,239,8,33,23,44,323,462,4,hospital,351380,SP
2084171,HOSPITAL E MATERNIDADE SAO JOSE,69,5,14,5,6,33,210,3,hospital,355170,SP
2084228,SANTA CASA DE MISERICORDIA DONA CAROLINA MALHEIROS SJBV,87,6,18,9,139,34,246,3,hospital,354910,SP
2084236,CENTRO ESP EM REABILITACAO DR ARNALDO PEZZUTI CAVALCANTI MOG,134,2,36,0,0,0,282,4,hospital,353060,SP
2084244,IRPSI,69,0,0,0,0,0,69,2,hospital,352050,SP
2084252,SOBRAPAR CAMPINAS,17,3,0,0,1,115,73,2,hospital,350950,SP
2084287,SANTA CASA DE MISERICORDIA DE ITAPIRA,2,5,0,0,0,0,12,2,hospital,352260,SP
2084317,CLINICA FAZENDA PALMEIRAS,160,0,0,0,0,0,160,3,hospital,350190,SP
2084384,INSTITUTO BEZERRA DE MENEZES ESPIRITO SANTO DO PINHAL,214,0,0,0,0,0,214,3,hospital,351518,SP
2084414,SANTA CASA DE RIBEIRAO PRETO,159,12,33,55,76,90,390,4,hospital,354340,SP
2084422,SANTA CASA DE SAO PEDRO,48,7,10,1,12,105,177,3,hospital,355040,SP
2084430,HOSPITAL E MATERNIDADE MADRE VANNINI,40,3,0,0,13,16,96,2,hospital,351220,SP
2084473,HOSP MUN IGNACIO PROENCA DE GOUVEA,90,4,11,1,0,22,192,3,hospital,355030,SP
2085143,INSTITUTO AMERICO BAIRRAL DE PSIQUIATRIA,441,0,0,0,0,0,441,4,hospital,352260,SP
2085194,HOSPITAL SAO FRANCISCO DE ASSIS,65,5,20,5,0,13,205,3,hospital,352440,SP
2085569,CVV FRANCISCA JULIA,100,0,0,0,0,0,100,2,hospital,354990,SP
2086050,MATERNIDADE GOTA DE LEITE,32,3,0,0,0,2,63,2,hospital,352900,SP
2086271,MATERNIDADE MUNICIPAL ZORAIDE EVA DAS DORES,19,4,0,0,0,0,27,2,hospital,352220,SP
2086336,HOSPITAL INFANTIL MENINO JESUS,6,0,0,0,0,0,6,2,hospital,352850,SP
2086719,SANTA CASA DE MISERICORDIA DE JOANOPOLIS,12,0,0,0,0,0,12,2,hospital,352550,SP
2087057,HOSPITAL DOS FORNECEDORES DE CANA DE PIRACICABA,117,12,27,26,55,31,324,4,hospital,353870,SP
2087103,SOCIEDADE OPERARIA HUMANITARIA LIMEIRA,42,6,8,0,1,55,136,3,hospital,352690,SP
2087111,IRMANDADE DA SANTA CASA DE MISERICORDIA LORENA,89,5,22,3,0,39,237,3,hospital,352720,SP
2087219,HOSPITAL DE CLINICAS CAMPO LIMPO PAULISTA,56,3,10,0,0,12,127,3,hospital,350960,SP
2087618,HOSPITAL MUNICIPAL DE VOTORANTIM,64,3,10,0,0,44,135,3,hospital,355700,SP
2087715,HOSPITAL E MATERNIDADE MUNICIPAL GOVERNADOR MARIO COVAS,84,4,10,0,0,56,157,3,hospital,351907,SP
2087804,HOSPITAL REGIONAL JORGE ROSSMANN DE ITANHAEM,146,5,27,22,0,101,314,4,hospital,352210,SP
2088193,IRMANDADE DA STA CASA DE MISERICORD DE MOGI MIRIM MOGI MIRIM,58,4,20,4,21,29,221,3,hospital,353080,SP
2088487,SANTA CASA DE NOVO HORIZONTE,41,3,8,0,11,27,129,3,hospital,353350,SP
2088495,INSTITUTO DANTE PAZZANESE DE CARDIOLOGIA IDPC SAO PAULO,303,11,83,66,0,142,707,5,hospital,355030,SP
2088517,HOSPITAL INFANTIL CANDIDO FONTOURA SAO PAULO,82,4,26,5,0,85,244,3,hospital,355030,SP
2088525,SANTA CASA DE MIGUELOPOLIS,51,2,0,1,1,1,130,3,hospital,352970,SP
2088576,HOSPITAL DE TRANSP DO EST DE SP EURYCLIDES DE JESUS ZERBINI,147,8,21,0,60,0,272,4,hospital,355030,SP
2089084,INSTITUTO RUBEM BERTA,7,17,0,0,0,0,41,2,hospital,355030,SP
2089327,HOSPITAL PADRE ALBINO CATANDUVA,113,6,29,14,6,103,316,4,hospital,351110,SP
2089335,HOSP ESCOLA EMILIO CARLOS CATANDUVA,132,2,10,4,3,6,251,4,hospital,351110,SP
2089548,SANTA CASA DE PITANGUEIRAS,30,2,0,0,1,7,84,2,hospital,353950,SP
2089572,ASSOC CRUZ VERDE,204,0,0,0,0,0,204,3,hospital,355030,SP
2089602,HOSPITAL SEPACO,19,10,0,0,0,0,39,2,hospital,355030,SP
2089696,HOSPITAL GRAACC INSTITUTO DE ONCOLOGIA PEDIATRICA IOP,62,1,8,5,33,127,171,3,hospital,355030,SP
2089777,HOSPITAL NIPO BRASILEIRO,0,7,0,0,0,0,14,2,hospital,355030,SP
2089785,HOSPITAL DO RIM E HIPERTENSAO,130,4,16,0,0,3,227,3,hospital,355030,SP
2090236,FUNDACAO PIO XII BARRETOS,205,11,26,35,69,131,406,4,hospital,350550,SP
2090309,CENTRO DE ATENCAO INTEGRAL A SAUDE CANTIDIO DE MOURA CAMPOS,42,0,0,0,0,0,42,2,hospital,350750,SP
2090333,SANTA CASA DE CERQUEIRA CESAR,37,4,0,2,5,12,120,3,hospital,351140,SP
2090961,HOSPITAL CARLOS FERNANDO MALZONI MATAO,95,6,27,11,9,29,290,4,hospital,352930,SP
2091267,SANTA CASA SANTA RITA DO PASSA QUATRO,21,4,0,1,11,3,104,2,hospital,354750,SP
2091275,CAIS CENTRO ATENCAO INTEGRAL SAUDE SANTA RITA PASSA QUATRO,235,0,0,0,0,0,235,3,hospital,354750,SP
2091305,H O REDENTORA HOSPITAL DE OLHOS,1,2,0,0,0,0,5,2,hospital,354980,SP
2091313,HOSPITAL REGIONAL SUL SAO PAULO,178,6,31,5,11,27,389,4,hospital,355030,SP
2091356,HOSPITAL VITAL BRAZIL SAO PAULO,11,0,0,0,0,0,11,2,hospital,355030,SP
2091399,ASSOCIACAO NOSSA SENHORA DO PARI,48,5,5,0,70,27,128,3,hospital,355030,SP
2091542,AME AMBULATORIO MEDICO DE ESPECIALIDADES MARIA ZELIA,19,0,0,0,36,82,69,2,hospital,355030,SP
2091550,INST CEMA DE OFTALMOLOGIA E OTORRINOLARINGOLOGIA,31,4,0,0,0,546,64,2,hospital,355030,SP
2091585,HOSPITAL ESTADUAL DE SAPOPEMBA SAO PAULO,137,7,30,4,6,141,346,4,hospital,355030,SP
2091658,HOSPITAL DIA M BOI MIRIM I JARDIM IBIRAPUERA,6,2,0,0,0,21,35,2,hospital,355030,SP
2091666,COMPLEXO DE SAUDE DR WLADIMIR ARRUDA,0,0,0,0,0,0,0,2,hospital,355030,SP
2091755,HOSPITAL GERAL DE VILA PENTEADO DR JOSE PANGELLA SAO PAULO,125,5,35,7,97,39,350,4,hospital,355030,SP
2092093,HOSPITAL E MATERNIDADE SAO VICENTE DE PAULO VIRADOURO SP,30,3,0,0,0,0,36,2,hospital,355680,SP
2092298,SANTA CASA DE ITU,62,3,44,9,1,59,319,4,hospital,352390,SP
2092395,HOSPITAL MUNICIPAL IBATE,29,3,0,0,0,14,60,2,hospital,351930,SP
2092611,SANTA CASA DE BARRETOS,208,4,40,13,44,88,451,4,hospital,350550,SP
2092638,SANTA CASA DE FARTURA,12,2,0,0,0,16,41,2,hospital,351540,SP
2092980,HOSPITAL DE BASTOS,18,2,0,0,0,0,22,2,hospital,350580,SP
2093227,IRMANDADE DA SANTA CASA DE MISERICORDIA DE ITAI,35,2,0,0,0,2,64,2,hospital,352180,SP
2093324,SANTA CASA DE FERNANDOPOLIS,84,6,9,3,14,32,207,3,hospital,351550,SP
2093332,SANTA CASA DE SANTA FE DO SUL,58,4,9,2,10,21,177,3,hospital,354660,SP
2093405,INAMEX NHANDEARA,11,0,0,0,0,0,11,2,hospital,353260,SP
2093502,HOSPITAL SAO DOMINGOS NA PROV DE DEUS NHANDEARA,24,3,0,0,0,13,55,2,hospital,353260,SP
2095912,HOSPITAL JOSE VENANCIO,32,2,10,0,12,15,126,3,hospital,351200,SP
2096005,HOSPITAL UNIMED,6,3,0,0,0,0,12,2,hospital,353130,SP
2096196,HOSPITAL ENF ANTONIO POLICARPO DE OLIVEIRA,41,6,0,0,0,5,78,2,hospital,350920,SP
2096412,SANTA CASA DE MISERICORDIA DE JACAREI,147,5,20,20,11,48,312,4,hospital,352440,SP
2096463,SANTA CASA DE MOGI GUACU,108,6,23,6,26,56,287,4,hospital,353070,SP
2096498,HOSPITAL MUNICIPAL DR TABAJARA RAMOS,53,4,10,3,1,2,176,3,hospital,353070,SP
2096617,HOSPITAL ASSISTENCIAL MARIA CAVALOTTI NEVES POTIRENDABA,21,2,0,0,0,0,25,2,hospital,354080,SP
2097613,HOSPITAL INFANTE D HENRIQUE,11,10,2,0,0,0,39,2,hospital,354980,SP
2097648,HOSPITAL BEZERRA DE MENEZES,160,0,0,0,0,0,160,3,hospital,354980,SP
2097877,IRMANDADE DA SANTA CASA DE MISERICORDIA DE VALINHOS,59,5,11,3,4,14,188,3,hospital,355620,SP
2688255,PRO VISAO,0,1,0,0,0,0,2,2,hospital,350160,SP
2688433,COMPLEXO HOSPITALAR SANTA CASA BRAGANCA PAULISTA,62,9,4,7,0,64,146,3,hospital,350760,SP
2688514,HOSPITAL PSIQUIATRICO DE VILA MARIANA,77,0,0,0,0,0,77,2,hospital,355030,SP
2688522,CASA DE DAVID SAO PAULO,265,0,0,0,0,0,265,4,hospital,355030,SP
2688573,HOSPITAL GERAL DE VILA NOVA CACHOEIRINHA SAO PAULO,165,3,30,0,2,36,341,4,hospital,355030,SP
2688581,HOSPITAL GERIATRICO E DE CONVALESCENTES D PEDRO II,457,0,0,0,0,0,457,4,hospital,355030,SP
2688638,INST SUEL ABUJAMRA,16,2,0,0,0,12,45,2,hospital,355030,SP
2688689,SANTA CASA DE SAO PAULO HOSPITAL CENTRAL SAO PAULO,990,35,90,53,109,350,1495,6,hospital,355030,SP
2698374,HOSPITAL DE MISERICORDIA NOSSA SENHORA APARECIDA,28,2,0,0,0,0,32,2,hospital,354120,SP
2698463,SECAO HOSPITAL E MATERNIDADE MUNICIPAL DR SILVERIO FONTES,41,3,5,0,0,20,92,2,hospital,354850,SP
2698471,SECAO HOSPITAL MUNICIPAL DR ARTHUR DOMINGUES PINTO,63,3,7,0,0,5,122,3,hospital,354850,SP
2699915,SANTA CASA DE VINHEDO,63,5,0,3,16,24,148,3,hospital,355670,SP
2701561,INSTITUTO JUNDIAIENSE LUIZ BRAILLE UNIDADE I,3,2,0,0,0,14,32,2,hospital,352590,SP
2702193,SANTA CASA DE MISERICORDIA DE UBATUBA,86,4,0,4,0,38,144,3,hospital,355540,SP
2704900,HOSPITAL UNIVERSITARIO SAO FRANCISCO NA PROV DE DEUS,134,8,35,30,29,111,365,4,hospital,350760,SP
2705222,SANTA CASA DE MOCOCA MOCOCA,82,6,18,2,3,30,241,3,hospital,353050,SP
2705249,HOSPITAL MUNICIPAL MARIA ROSA CARDOSO,19,1,0,0,0,0,21,2,hospital,354300,SP
2705982,SANTA CASA DE FRANCA,266,10,57,89,42,185,589,5,hospital,351620,SP
2708566,HOSPITAL UNIMED DE SOROCABA DR MIGUEL VILLA NOVA SOEIRO,9,8,4,0,0,0,41,2,hospital,355220,SP
2708779,SANTA CASA DE SOROCABA,209,6,56,26,2,52,520,4,hospital,355220,SP
2716089,HOSPITAL DIA EM AIDS,1,0,0,0,0,0,1,2,hospital,354100,SP
2716097,COMPLEXO HOSPITALAR IRMA DULCE O S S,191,3,50,4,54,95,472,4,hospital,354100,SP
2716291,HOSPITAL JOAO VELLOSO,28,1,0,0,0,0,30,2,hospital,353475,SP
2716593,HOSPITAL DE MISERICORDIA ALTINOPOLIS,19,1,0,0,0,0,21,2,hospital,350100,SP
2716801,HOSPITAL DA CRIANCA GRENDACC,9,0,3,0,0,3,46,2,hospital,352590,SP
2745356,CLINICA ANDRE LUIZ,158,0,0,0,0,0,158,3,hospital,351670,SP
2745402,SANTA CASA DE MISERICORDIA DE FLORIDA PAULISTA,30,2,0,0,0,1,59,2,hospital,351600,SP
2745798,HOSPITAL BENEFICIENTE SANTO ANTONIO ORLANDIA,60,5,0,0,4,16,120,3,hospital,353430,SP
2745801,HOSPITAL SAO MARCOS MORRO AGUDO,37,4,10,5,5,15,160,3,hospital,353190,SP
2746220,COMPLEXO HOSPITALAR JUQUERY FRANCO DA ROCHA,21,0,0,0,0,0,21,2,hospital,351640,SP
2746298,SANTA CASA DE SANTA ROSA DE VITERBO,19,2,0,0,0,0,23,2,hospital,354760,SP
2747308,HOSPITAL DE OLHOS LIONS MANOEL DANTE BUSCARDI,3,1,0,0,0,0,5,2,hospital,355370,SP
2747685,SANTA CASA DE MISERICORDIA NOVA EUROPA,12,2,0,0,0,0,16,2,hospital,353290,SP
2747693,SANTA CASA DE MISERICORDIA RIBEIRAO BONITO,17,2,0,0,4,3,71,2,hospital,354290,SP
2747871,HOSPITAL MUNICIPAL GOV MARIO COVAS JR,49,4,6,0,0,0,81,2,hospital,352040,SP
2748029,SANTA CASA DE SAO JOSE CAMPOS,94,9,33,4,9,10,319,4,hospital,354990,SP
2748223,HOSPITAL DAS CLINICAS DA FACULDADE DE MEDICINA DE BOTUCATU,444,13,74,63,170,337,841,6,hospital,350750,SP
2748436,HOSP MAT BENEF DE CHARQUEADA,26,2,0,0,0,0,30,2,hospital,351170,SP
2748568,SANTA CASA DE MISERICORDIA DE CAPIVARI,61,4,7,1,1,24,172,3,hospital,351040,SP
2749033,CENTRO DE REABILITACAO DE CASA BRANCA,207,0,0,0,0,0,207,3,hospital,351080,SP
2749149,SANTA CASA DE MISERICORDIA DE TAMBAU,27,2,0,0,4,4,81,2,hospital,355330,SP
2749319,HOSPITAL MUNICIPAL UNIVERSITARIO DE TAUBATE,172,7,34,3,5,0,372,4,hospital,355410,SP
2750511,HOSPITAL ESTADUAL DR ODILO ANTUNES DE SIQUEIRA P PRUDENTE,47,3,4,0,0,12,94,2,hospital,354140,SP
2750538,HOSPITAL MUNICIPAL DE IEPE,18,1,0,0,0,3,45,2,hospital,351990,SP
2750546,HOSPITAL ESTADUAL PORTO PRIMAVERA ROSANA,72,2,0,2,6,58,151,3,hospital,354425,SP
2750988,SANTA CASA DE DRACENA,108,4,20,10,0,13,246,3,hospital,351440,SP
2751003,SANTA CASA DE JUNQUEIROPOLIS,25,3,0,0,0,5,56,2,hospital,352600,SP
2751011,SANTA CASA MISERICORDIA PADRE JOAO SCHNEIDER MARTINOPOLIS,43,3,0,0,6,33,99,2,hospital,352920,SP
2751038,SANTA CASA DE PRESIDENTE EPITACIO,68,4,0,0,1,8,126,3,hospital,354130,SP
2751046,SANTA CASA DE SANTO ANASTACIO,37,2,0,0,3,0,66,2,hospital,354770,SP
2751569,SANTA CASA DE MISERICORDIA DE CERQUILHO,27,2,0,0,0,0,31,2,hospital,351150,SP
2751623,HOSPITAL FRANCISCO ROSAS,45,5,10,0,4,20,145,3,hospital,351518,SP
2751674,HOSPITAL E MATERNIDADE NOSSA SENHORA DAS GRACAS,34,3,0,0,3,4,90,2,hospital,352280,SP
2751704,SANTA CASA DE MISERICORDIA DE ITUVERAVA,61,4,9,6,0,33,155,3,hospital,352410,SP
2751747,HOSPITAL IMACULADA CONCEICAO,0,4,18,0,0,0,80,2,hospital,352940,SP
2751852,HOSPITAL DIA VILA PRUDENTE,6,0,0,0,0,43,31,2,hospital,355030,SP
2751860,HOSPITAL DIA FLAVIO GIANNOTTI,8,0,0,0,0,146,33,2,hospital,355030,SP
2751925,HOSPITAL DIA CIDADE ADEMAR,14,2,0,0,0,125,43,2,hospital,355030,SP
2751933,HOSPITAL DIA PENHA HATIRO SHIMOMOTO,8,2,0,0,21,134,62,2,hospital,355030,SP
2751976,HOSPITAL DIA SAO MIGUEL DR TITO LOPES DA SILVA,8,3,0,0,0,157,39,2,hospital,355030,SP
2752077,HOSP DO SERV PUB MUNICIPAL HSPM,0,12,14,0,0,0,80,2,hospital,355030,SP
2754819,HOC HOSPITAL DE OLHOS E CLINICAS,0,1,0,0,0,0,2,2,hospital,351050,SP
2754843,HOSPITAL SANTO AMARO,172,5,49,37,27,90,453,4,hospital,351870,SP
2755092,SANTA CASA DE PINDAMONHANGABA,134,7,27,4,13,120,331,4,hospital,353800,SP
2755130,HOSPITAL DOMINGOS LEONARDO CERAVOLO PRESIDENTE PRUDENTE,394,15,50,60,85,223,699,5,hospital,354140,SP
2758245,SANTA CASA DE LINS,72,4,16,7,27,30,219,3,hospital,352710,SP
2765934,HOSPITAL DE CLINICAS DE SAO SEBASTIAO,68,2,7,0,0,58,125,3,hospital,355070,SP
2765942,HOSPITAL SANTA LUCINDA SOROCABA,91,9,11,7,7,58,228,3,hospital,355220,SP
2766167,HOSPITAL E MATERNIDADE SAO VICENTE DE PAULO RIO DAS PEDRAS,32,2,0,0,0,0,36,2,hospital,354400,SP
2772310,SANTA CASA DE PIRACICABA,170,11,30,37,7,146,387,4,hospital,353870,SP
2773333,SANTA CASA DE GUARAREMA,29,3,0,0,0,4,60,2,hospital,351830,SP
2774720,HOSPITAL DE AGUDOS,28,5,0,0,3,28,88,2,hospital,350070,SP
2784602,HOSPITAL AUGUSTO DE OLIVEIRA CAMARGO,188,5,36,38,25,102,417,4,hospital,352050,SP
2785188,UNIDADE MISTA DE SAUDE DE TABOAO DA SERRA,66,2,0,0,0,5,95,2,hospital,355280,SP
2785382,SANTA CASA DE PIRASSUNUNGA,59,5,6,5,1,21,168,3,hospital,353930,SP
2786435,HCSVP HOSPITAL SAO VICENTE,178,8,60,56,88,38,509,4,hospital,352590,SP
2786680,HOSP MUN FERNANDO MAURO PIRES DA ROCHA,232,6,60,18,50,103,559,5,hospital,355030,SP
2790556,HOSPITAL DE BASE DE BAURU,147,7,28,12,23,0,323,4,hospital,350600,SP
2790564,HOSPITAL DE REABILITACAO DE ANOMALIAS CRANIOFACIAIS BAURU,39,6,0,0,0,80,76,2,hospital,350600,SP
2790580,MATERNIDADE SANTA ISABEL,68,6,17,0,0,25,173,3,hospital,350600,SP
2790602,HOSPITAL ESTADUAL BAURU,284,14,35,38,13,415,527,4,hospital,350600,SP
2790610,HOSPITAL GERAL PREFEITO MIGUEL MARTIN GUALDA DE PROMISSAO,64,4,10,0,18,46,162,3,hospital,354160,SP
2790637,HOSPITAL SANTA LUZIA DUARTINA,35,1,0,0,0,2,62,2,hospital,351450,SP
2790653,HOSPITAL TEREZA PERLATTI JAU,200,0,0,0,0,0,200,3,hospital,352530,SP
2790734,INSTITUTO LAURO DE SOUZA LIMA BAURU,25,1,0,0,0,0,27,2,hospital,350600,SP
2790998,LAR IRMA DULCE NA PROVIDENCIA DE DEUS PIRAJUI,39,0,0,0,0,0,39,2,hospital,353890,SP
2791668,SANTA CASA DE AREALVA,15,2,0,0,0,0,19,2,hospital,350340,SP
2791676,SANTA CASA DE BARIRI,49,4,0,0,14,44,107,2,hospital,350520,SP
2791684,SANTA CASA DE CAFELANDIA,34,3,0,0,18,1,90,2,hospital,350880,SP
2791692,SANTA CASA DE DOIS CORREGOS,47,4,0,0,0,7,80,2,hospital,351410,SP
2791706,SANTA CASA DE GETULINA,33,2,0,0,0,0,37,2,hospital,351700,SP
2791714,SANTA CASA DE IACANGA,28,2,0,0,0,1,57,2,hospital,351910,SP
2791722,SANTA CASA DE JAU,150,10,43,32,26,58,417,4,hospital,352530,SP
2791730,SANTA CASA DE MISERICORDIA DE BOCAINA,18,1,0,0,0,0,20,2,hospital,350680,SP
2791749,SANTA CASA DE PEDERNEIRAS,54,5,10,2,0,4,154,3,hospital,353670,SP
2791757,SANTA CASA DE PIRATININGA,21,2,0,0,0,0,25,2,hospital,353940,SP
2792141,HOSPITAL REGIONAL DE COTIA,139,6,26,9,1,159,330,4,hospital,351300,SP
2792168,HOSPITAL GERAL DE CARAPICUIBA,202,8,39,6,25,170,449,4,hospital,351060,SP
2792176,HOSPITAL GERAL DE ITAPECERICA DA SERRA,166,7,34,1,42,249,391,4,hospital,352220,SP
2798239,HOSPITAL SAO JOSE ITIRAPINA,11,2,0,0,0,0,15,2,hospital,352360,SP
2798298,SANTA CASA DE MISERICORDIA DE SAO JOSE DO RIO PRETO,198,10,45,74,34,109,473,4,hospital,354980,SP
2812703,FUNDACAO FACULDADE DE MEDICINAHCFMUSP INST DE PSIQUIATRIA SP,123,3,0,0,0,0,129,3,hospital,355030,SP
2855917,AMB MED ESPEC DOM ANTONIO AFFONSO DE MIRANDA AME TAUBATE,8,3,0,0,76,134,64,2,hospital,355410,SP
2867257,CENTRO HOSPITALAR DE GUARATINGUETA DA VINCI,2,1,0,0,0,0,4,2,hospital,351840,SP
2888491,HOSPITAL SAO VICENTE DE PAULO,32,3,0,0,0,12,63,2,hospital,354400,SP
2956098,HOSPITAL CLINICO MUNICIPAL CECILIA DE LOURDES O FONSECA,24,0,0,0,0,0,24,2,hospital,350030,SP
3001466,CENTRO HOSPITALAR DO SISTEMA PENITENCIARIO SAO PAULO,251,2,0,6,0,2,305,4,hospital,355030,SP
3012212,HU HOSPITAL UNIVERSITARIO,106,6,22,9,11,149,281,4,hospital,352590,SP
3021378,HOSPITAL DO VICENTINO,87,3,18,1,4,29,240,3,hospital,355100,SP
3028399,HOSPITAL ESTADUAL PROF CARLOS DA SILVA LACAZ FCO MORATO,80,4,29,0,0,90,229,3,hospital,351630,SP
3058808,HOSPITAL REGIONAL DE BEBEDOURO HRB,97,4,10,7,1,76,220,3,hospital,350610,SP
3071448,HOSPITAL DE RETAGUARDA FERNAO DIAS,20,0,0,0,0,0,20,2,hospital,354730,SP
3126838,HOSPITAL REGIONAL DO VALE DO PARAIBA,174,13,39,48,19,42,431,4,hospital,355410,SP
3139050,HOSPITAL DR LEO ORSI BERNARDES ITAPETININGA,176,4,18,0,0,51,281,4,hospital,352230,SP
3180204,OFTALMO CARE HOSPITAL DE OLHOS,0,0,0,0,0,0,0,2,hospital,354140,SP
3212130,HOSP MUN VER JOSE STOROPOLLI,161,5,20,20,0,60,301,4,hospital,355030,SP
3223728,SANTA CASA DE MISERICORDIA DE SAO BERNARDO DO CAMPO,45,2,0,0,0,0,49,2,hospital,354870,SP
3258912,OFTA SERVICOS OFTALMOLOGICOS S C LTDA,0,2,0,0,0,0,4,2,hospital,352210,SP
3314766,HOSPITAL ELECTRO BONINI RIBEIRAO PRETO,30,3,0,0,0,9,61,2,hospital,354340,SP
3334678,HOSPITAL UNIMED DE CAPIVARI,4,3,0,0,0,0,10,2,hospital,351040,SP
3346072,HOSPITAL DE OLHOS DO VALE,3,0,0,0,0,1,28,2,hospital,354990,SP
3346110,HOSPITAL PRONTIL,3,1,0,0,0,31,30,2,hospital,354990,SP
3529282,HOSPITAL MUNICIPAL DOMINGO MARCOLINO BRAILE FUNFARME,60,5,5,0,29,137,140,3,hospital,354980,SP
3633969,HOSPITAL DE CUIDADOS CRONICOS INTEGRADOS DE PAULINIA,50,0,0,0,0,0,50,2,hospital,353650,SP
3701832,HOSPITAL SILVIO ROMERO,26,5,0,0,0,0,36,2,hospital,355030,SP
3723860,VISARE HOSPITAL DE OLHOS,0,0,0,0,0,0,0,2,hospital,354140,SP
3753433,HOSPITAL LEONOR MENDES DE BARROS,136,1,0,0,0,0,138,3,hospital,350970,SP
3759660,HOSPITAL DIA OFTALMOLOGICO,3,2,0,0,0,0,7,2,hospital,352590,SP
3774554,HOSPITAL E MATERNIDADE MUNICIPAL N S DO MONTE SERRAT,116,4,10,1,1,27,239,3,hospital,354520,SP
3863131,INSTITUTO MENDONCA COSTA,7,1,0,0,0,0,9,2,hospital,354850,SP
3880966,HOSPITAL DAS CLINICAS DE BAURU HCB,80,6,32,8,3,286,295,4,hospital,350600,SP
3949621,HOSPITAL MUNICIPAL DR ALCIPIO DA SILVA OLIVEIRA JUNIOR,32,0,0,0,0,0,32,2,hospital,355650,SP
4049020,SANTA CASA DE OURINHOS,116,4,26,27,31,50,303,4,hospital,353470,SP
4123077,IGESP SA CENTRO MEDICO E CIRURGICO INST GASTROENT DE SP,16,6,0,0,0,0,28,2,hospital,354100,SP
4223683,HOSPITAL SAINT PATRICK PORTINARI,67,4,0,0,0,0,75,2,hospital,355030,SP
4233646,HOSPITAL REGIONAL DO ALTO TIETE HRAT,118,2,0,1,4,5,197,3,hospital,355250,SP
4702069,HOSPITAL SANTO ANTONIO DE LOUVEIRA,11,0,0,0,0,0,11,2,hospital,352730,SP
4943309,HOSPITAL REGIONAL ROTA DOS BANDEIRANTES HRRB,65,1,0,11,11,12,142,3,hospital,350570,SP
5033543,CASA TRANSITORIA ANDRE LUIZ,40,0,0,0,0,0,40,2,hospital,350550,SP
5049008,HOSPITAL DE OLHOS IVANIR FREIRE,1,1,0,0,0,0,3,2,hospital,355410,SP
5170958,IOM HOSPITAL DIA,1,5,0,0,0,0,11,2,hospital,352900,SP
5200105,HOSPITAL MUNICIPAL PIMENTAS BONSUCESSO MANUEL DE PAIVA,127,3,24,1,9,49,304,4,hospital,351880,SP
5366828,SANTA CASA DE ATIBAIA,66,3,6,17,1,55,171,3,hospital,350410,SP
5420938,HOSP MUN CARMEN PRUDENTE,194,12,30,5,0,185,388,4,hospital,355030,SP
5437156,HOSPITAL LOCAL DE SAPOPEMBA,30,0,0,0,0,0,30,2,hospital,355030,SP
5451612,INSTITUTO DE REABILITACAO LUCY MONTORO,64,0,0,0,0,0,64,2,hospital,355030,SP
5550874,HOSPITAL PUBLICO MUNICIPAL MARIA THEREZA RAMOS VITTI,40,0,0,0,0,0,40,2,hospital,354390,SP
5586348,HOSPITAL UNIVERSITARIO DA UFSCAR,71,5,20,14,93,116,236,3,hospital,354890,SP
5654688,HOSPITAL SANTO EXPEDITO,0,2,0,0,0,0,4,2,hospital,354850,SP
5686555,MATERNIDADE MUNICIPAL PREFEITO MANOEL BEZERRA DE MELO,1,0,0,0,0,0,1,2,hospital,353060,SP
5718368,HOSP MUN M BOI MIRIM,239,10,40,17,0,143,469,4,hospital,355030,SP
5851084,QUARTEIRAO DA SAUDE ENGENHEIRO OSVALDO MISSO,12,0,0,0,0,2,37,2,hospital,351380,SP
5860490,HOSPITAL UNIVERSITARIO DE MARILIA,116,10,38,29,13,136,363,4,hospital,352900,SP
5869412,HOSPITAL GACC VALE DO PARAIBA,14,2,4,1,4,22,109,2,hospital,354990,SP
5888883,PAMPLONA OFTALMOLOGIA E DERMATOLOGIA,0,1,0,0,0,0,2,2,hospital,354850,SP
5935857,HOSPITAL MUNICIPAL DE EMERGENCIAS ALBERT SABIN,75,0,9,0,0,0,111,3,hospital,354880,SP
6020917,HOSPITAL DA MULHER MARIA JOSE DOS SANTOS STEIN,95,4,28,0,0,14,240,3,hospital,354780,SP
6053858,COMPLEXO HOSPITALAR PREFEITO EDIVALDO ORSI,180,8,55,35,5,135,491,4,hospital,350950,SP
6095666,HOSPITAL MUNICIPAL DE BARUERI DR FRANCISCO MORAN,263,11,39,59,64,302,516,4,hospital,350570,SP
6123740,INSTITUTO DO CANCER DO ESTADO DE SAO PAULO,440,22,85,118,99,0,874,6,hospital,355030,SP
6135749,HOSPITAL DIA MOOCA,4,2,0,0,0,11,33,2,hospital,355030,SP
6136028,HOSPITAL DIA ITAIM PAULISTA,5,2,0,0,27,40,59,2,hospital,355030,SP
6164366,HOSPITAL ESTADUAL AMERICO BRASILIENSE,66,3,10,20,4,34,187,3,hospital,350170,SP
6166598,AME AMBULATORIO MEDICO DE ESPECIALIDADES DE SANTOS,8,2,0,0,0,0,12,2,hospital,354850,SP
6233848,AME AMBULATORIO MEDICO DE ESPECIALIDADES DE CARAGUATATUBA,6,0,0,0,10,60,56,2,hospital,351050,SP
6236596,HOSPITAL ESTADUAL JOAO PAULO II SAO JOSE DO RIO PRETO,87,6,8,0,56,135,181,3,hospital,354980,SP
6258484,AME AMBULATORIO MEDICO DE ESPECIALIDADES DE PRAIA GRANDE,2,0,0,0,0,0,2,2,hospital,354100,SP
6272622,INSTITUTO DE OLHOS PAROLIN,0,0,0,0,0,0,0,2,hospital,350610,SP
6284582,AME PIRACICABA DR OSWALDO CAMBIAGHI,12,1,0,0,0,0,14,2,hospital,353870,SP
6289304,AME AMBULATORIO MEDICO DE ESPECIALIDADES BARRETOS,10,0,0,0,14,73,60,2,hospital,350550,SP
6291635,CENTRO OFTALMOLOGICO DE REFERENCIA,2,1,0,0,0,0,4,2,hospital,353390,SP
6391869,HOSPITAL DIA SAO MATEUS DR HENRIQUE CARLOS GONCALVES,7,1,0,0,0,187,34,2,hospital,355030,SP
6451098,HOSPITAL DALILA FERREIRA BARBOSA,31,2,0,0,0,0,35,2,hospital,350390,SP
6479200,AME DR LUIZ ROBERTO BARRADAS BARATA SAO PAULO,24,0,0,0,60,226,74,2,hospital,355030,SP
6603378,HOSPITAL MUNICIPAL LEONARDUS VAN MELLIS,22,2,0,0,0,0,26,2,hospital,353580,SP
6607330,AME AMBULATORIO DE ESPECIALIDADES MEDICAS DE TUPA,4,0,0,0,0,0,4,2,hospital,355500,SP
6655416,AME SANTO ANDRE DR NEWTON DA COSTA BRANDAO,18,3,0,0,7,2,74,2,hospital,354780,SP
6680968,HOSPITAL MUNICIPAL SANTO ANTONIO,12,0,0,0,0,0,12,2,hospital,353200,SP
6834183,RESSURGIR CENTRO DE REEDUCACAO PSICOSSOCIAL,1,0,0,0,0,0,1,2,hospital,352210,SP
6878687,HOSPITAL ESTADUAL DR ALBANO DA FRANCA ROCHA SOBRINHO,159,6,20,0,39,33,301,4,hospital,351640,SP
6943284,MATERNIDADE GOTA DE LEITE DE ARARAQUARA,50,2,10,0,0,14,119,3,hospital,350320,SP
6966594,HOSPITAL E MATERNIDADE MUNICIPAL DE SAO VICENTE,36,2,0,0,0,18,65,2,hospital,355100,SP
6971199,AMBULATORIO DE ESPECIALIDADES CENTRO DIA,7,0,0,0,0,0,7,2,hospital,352240,SP
6998178,HOSPITAL DIA CAMPO LIMPO JARDIM PIRAJUSSARA,7,2,0,0,47,3,61,2,hospital,355030,SP
6998194,HOSP MUN SOROCABANA,50,2,0,0,0,35,79,2,hospital,355030,SP
6998704,COMPLEXO HOSPITALAR DOS ESTIVADORES,137,6,14,13,0,14,255,4,hospital,354850,SP
7019076,HOSPITAL DIA BRASILANDIA FO,7,2,0,0,25,148,61,2,hospital,355030,SP
7066376,HOSPITAL DE AMOR JALES,27,4,10,6,1,0,125,3,hospital,352480,SP
7101090,HOSPITAL DE OLHOS BRAGANCA,0,1,0,0,0,0,2,2,hospital,350760,SP
7188676,AME AMBULATORIO MEDICO DE ESPECIALIDADES DE OURINHOS,4,0,0,0,11,63,54,2,hospital,353470,SP
7210094,HOSPITAL MUNICIPAL DE CONCHAS,14,2,0,0,0,0,18,2,hospital,351230,SP
7252455,HOSPITAL PROFESSORA LYDIA STOROPOLI,190,0,0,0,0,0,190,3,hospital,355030,SP
7320175,HOSPITAL SAO MIGUEL ARCANJO,79,3,0,0,0,3,110,3,hospital,355020,SP
7371349,HOSPITAL DR OLAVO HORNEAUX DE MOURA SAO VICENTE,59,0,0,0,0,0,59,2,hospital,355100,SP
7373465,HOSPITAL DE CLINICAS MUNICIPAL,217,10,60,15,99,59,552,5,hospital,354870,SP
7378394,HOSPITAL DIA M BOI MIRIM II VERA CRUZ,2,2,0,0,0,54,31,2,hospital,355030,SP
7385978,UNIDADE HD PIRITUBA CIES,6,8,0,0,0,0,22,2,hospital,355030,SP
7400926,FUNDACAO HOSPITAL REGIONAL DO CANCER,84,6,10,7,18,3,211,3,hospital,354140,SP
7420595,HOSPITAL MUNICIPAL FRANCISCO DE ASSIS RIBEIRAO PRETO,31,0,0,0,0,0,31,2,hospital,354340,SP
7451229,FUNDACAO PIO XII FERNANDOPOLIS,0,0,0,0,0,0,0,2,hospital,351550,SP
7473702,HOSP MUN DE MOGI DAS CRUZES PREF WALDEMAR COSTA FILHO,69,4,10,0,0,60,142,3,hospital,353060,SP
7496117,AMBULATORIO MEDICO DE ESPECIALIDADE AME SOROCABA,9,0,0,0,0,1,34,2,hospital,355220,SP
7544529,INST DE INFECT EMILIO RIBAS II BAIXADA SANTISTA,32,0,13,0,0,0,84,2,hospital,351870,SP
7547439,GRUPO DE APOIO AMOR A VIDA,0,0,0,0,0,0,0,2,hospital,354870,SP
7572468,INSTITUTO DA VISAO,2,0,0,0,0,0,2,2,hospital,355030,SP
7573162,HOSPITAL REGIONAL DE JUNDIAI,120,6,16,1,0,18,246,3,hospital,352590,SP
7579454,INSTITUTO DE OFTALMOLOGIA CASTILHO,0,0,0,0,0,0,0,2,hospital,354140,SP
7580770,HOSPITAL ESTADUAL DE CAIEIRAS,48,1,6,0,0,12,99,2,hospital,350900,SP
7603274,HOSPITAL MUNICIPAL SAO JOSE,19,2,0,0,3,11,73,2,hospital,352170,SP
7615280,CANTINHO DO CEU RIBEIRAO PRETO,59,0,0,0,0,0,59,2,hospital,354340,SP
7676484,HOSPITAL SANTA CLARA,29,9,0,0,0,0,47,2,hospital,355030,SP
7711980,HOSP MUN GILSON DE CASSIA MARQUES DE CARVALHO,153,8,40,13,11,4,404,4,hospital,355030,SP
7755333,HOSPITAL 10 DE JULHO,0,6,0,0,0,0,12,2,hospital,353800,SP
7825757,HOSPITAL DE OLHOS PIRACICABA,0,0,0,0,0,0,0,2,hospital,353870,SP
7864124,HOSPITAL DO BAIRRO,50,2,0,0,0,3,79,2,hospital,350750,SP
7947984,COMPLEXO MUNICIPAL DE SAUDE,49,6,0,0,8,26,111,3,hospital,350970,SP
7965192,HOSPITAL UNIMED RIBEIRAO PRETO,2,10,0,0,0,0,22,2,hospital,354340,SP
7979649,HOSPITAL DIA VILA GUILHERME,5,2,0,0,0,117,34,2,hospital,355030,SP
7992890,HOSP MUN CAPELA DO SOCORRO,66,3,0,0,0,59,97,2,hospital,355030,SP
8005877,HOSPITAL SAO MARCOS JABOTICABAL,0,3,0,0,0,0,6,2,hospital,352430,SP
8032653,HOSPITAL DIA CAPELA DO SOCORRO,20,3,0,0,0,0,26,2,hospital,355030,SP
8066523,UNIDADE DE HOSPITAL DIA,1,1,0,0,0,0,3,2,hospital,350570,SP
8092133,SOLARIUM RESIDENCIAL,6,0,0,0,0,0,6,2,hospital,353340,SP
8098107,HOSPITAL REGIONAL DO CIRCUITO DA FE E VALE HISTORICO,18,6,0,0,0,0,30,2,hospital,351340,SP
8119821,HOSPITAL MUNICIPAL DE PIRACICABA HMP,36,0,0,0,0,0,36,2,hospital,353870,SP
9051775,CENTRO OFTALMOLOGICO DE HORTOLANDIA,1,0,0,0,0,0,1,2,hospital,351907,SP
9267263,UNIDADE DE RETAGUARDA DE URGENCIA E DIAGNOSTICO DO MELHADO,23,0,0,0,0,0,23,2,hospital,350320,SP
9297715,MATERNIDADE MUNICIPAL DE PERUIBE,18,2,0,0,0,0,22,2,hospital,353760,SP
9329080,HOSPITAL E MATERNIDADE PUBLICO DE DOURADO,12,2,0,0,0,0,16,2,hospital,351430,SP
9345949,INSTITUTO BENETTI,1,0,0,0,0,0,1,2,hospital,352340,SP
9377255,CLINICA ACONCHEGO,46,1,0,0,0,0,48,2,hospital,352900,SP
9392645,HUMANA MAGNA,64,1,0,0,0,0,66,2,hospital,355030,SP
9425802,HOSPITAL REGIONAL DE PIRACICABA,109,8,20,1,31,31,280,4,hospital,353870,SP
9465464,HOSP MUN JOSANIAS CASTANHA BRAGA,212,9,20,28,26,107,385,4,hospital,355030,SP
9491112,HOSPITAL REGIONAL DE SOROCABA,200,9,40,21,39,245,453,4,hospital,355220,SP
9491252,DR RUBENS SAVASTANO HOSPITAL REGIONAL DE SAO JOSE DOS CAMPOS,122,6,40,2,119,418,369,4,hospital,354990,SP
9556095,HOSPITAL REGIONAL DE REGISTRO REGISTRO,111,6,20,7,20,165,278,4,hospital,354260,SP
9580743,AME AMBULATORIO MEDICO DE ESPECIALIDADES DE SAO VICENTE,10,0,0,0,12,52,60,2,hospital,355100,SP
9639659,SANTA CASA DE MISERICORDIA REGIONAL,44,3,5,0,0,11,95,2,hospital,351280,SP
9680500,SANTA CASA DE GARCA HOSPITAL SAO LUCAS HSL,57,3,10,0,9,20,153,3,hospital,351670,SP
9773657,HOSPITAL ESTADUAL DE SERRANA,72,2,10,2,29,3,191,3,hospital,355150,SP
9793291,R MATTOS,120,0,0,0,0,0,120,3,hospital,350850,SP
9898565,HOFTALMED,4,2,0,0,0,13,33,2,hospital,354990,SP
9950931,HOSPITAL DIA SANTO AMARO,70,2,0,0,0,1,99,2,hospital,355030,SP
